Street Address,City,State,Zip
1314 PEACHFIELD DR,VALRICO,FL,33596
1314 PEACHFIELD DR,VALRICO,FL,33596
8709 THORNWOOD LN,TAMPA,FL,33615
13235 DUPREE HILLS PL,RIVERVIEW,FL,33579
3706 N 57TH ST,TAMPA,FL,33619
275 RAIN BERRY AVE,RUSKIN,FL,33570
10652 GRAND RIVIERE DR,TAMPA,FL,33647
19328 WATER MAPLE DR,TAMPA,FL,33647
13235 DUPREE HILLS PL,RIVERVIEW,FL,33579
7019 PARLIAMENT DR,TAMPA,FL,33619
1919 E DIANA ST,TAMPA,FL,33610
214 HARDCASTLE PL,VALRICO,FL,33594
9688 SWEETWELL PL,RIVERVIEW,FL,33569
212 W NORTH ST,TAMPA,FL,33604
3619 CAPITAL RESERVE DR,PLANT CITY,FL,33565
2811 N 18TH ST,TAMPA,FL,33605
2713 W ABDELLA ST,TAMPA,FL,33607
19 N LAKE BLVD,PLANT CITY,FL,33563
10206 HOLSTEIN EDGE PL,RIVERVIEW,FL,33569
14117 VILLAGE TERRACE DR,TAMPA,FL,33624
12189 COLLINS RANCH RD,THONOTOSASSA,FL,33592-
4815 TROYDALE RD,TAMPA,FL,33615
833 SEDDON COVE WAY,TAMPA,FL,33602
407 STILLWATER BAYOU LN,RUSKIN,FL,33570
8504 N BROOKS ST,TAMPA,FL,33604
405 E HUNTER RD,PLANT CITY,FL,33565
4409 W LAWN AVE,TAMPA,FL,33611
4301 CLAVERTON CT,TAMPA,FL,33624
4002 SALIDA DELSOL DR,SUN CITY CENTER,FL,33573
6808 MORNAY CT,TAMPA,FL,33615
4624 COURTLAND ST,TAMPA,FL,33610
5475 FRIARSWAY DR,TAMPA,FL,33624
3408 LINDELL AVE,TAMPA,FL,33610
4818 E TEMPLE HEIGHTS RD,TAMPA,FL,33617
926 BIRDIE WAY,APOLLO BEACH,FL,33572
3600 W TACON ST,TAMPA,FL,33629
11626 TIMBER RIDGE DR,TAMPA,FL,33625
15611 WALDEN AVE,TAMPA,FL,33618
1005 LAKE COOPER DR,LUTZ,FL,33548
412 BRANDYWINE DR,VALRICO,FL,33594
3301 GLORIA AVE,PLANT CITY,FL,33563
3301 GLORIA AVE,PLANT CITY,FL,33563
3301 GLORIA AVE,PLANT CITY,FL,33563
3408 LINDELL AVE,TAMPA,FL,33610
833 SEDDON COVE WAY,TAMPA,FL,33602
4301 CLAVERTON CT,TAMPA,FL,33624
5528 FULMAR DR,TAMPA,FL,33625
4907 W DRYAD ST 1/2,TAMPA,FL,33629
2905 W DOUGLAS ST,TAMPA,FL,33607
10819 E DR MARTIN LUTHER KING JR BLVD,TAMPA,FL,33610
12407 NOREAST LAKE DR,TAMPA,FL,33612
2101 CANDIS RD,PLANT CITY,FL,33565
5346 WOLF CREEK DR,APOLLO BEACH,FL,33572
2724 CONCH HOLLOW DR,BRANDON,FL,33511
4207 S DALE MABRY HWY 2304,TAMPA,FL,33611
6513 N HIMES AVE,TAMPA,FL,33614
815 W 113TH AVE,TAMPA,FL,33612
10821 N DALE MABRY HWY,TAMPA,FL,33618
7022 BRIARHILL CT,TAMPA,FL,33625
10019 N HYALEAH RD,TAMPA,FL,33617
10019 N HYALEAH RD,TAMPA,FL,33617
1109 HUMBLE HAVEN ST,RUSKIN,FL,33570
10413 WESTPARK PRESERVE BLVD,TAMPA,FL,33625
11624 GROVEWOOD AVE,THONOTOSASSA,FL,33592
11624 GROVEWOOD AVE,THONOTOSASSA,FL,33592
11624 GROVEWOOD AVE,THONOTOSASSA,FL,33592
16022 TERNGLADE DR,LITHIA,FL,33547
749 TREMONT GREENS LN,SUN CITY CENTER,FL,33573
11624 GROVEWOOD AVE,THONOTOSASSA,FL,33592
6808 MORNAY CT,TAMPA,FL,33615
4002 SALIDA DELSOL DR,SUN CITY CENTER,FL,33573
4301 CLAVERTON CT,TAMPA,FL,33624
5475 FRIARSWAY DR,TAMPA,FL,33624
3408 LINDELL AVE,TAMPA,FL,33610
4624 COURTLAND ST,TAMPA,FL,33610
4818 E TEMPLE HEIGHTS RD,TAMPA,FL,33617
4409 W LAWN AVE,TAMPA,FL,33611
926 BIRDIE WAY,APOLLO BEACH,FL,33572
1926 HEARTLAND CIR,VALRICO,FL,33594
3600 W TACON ST,TAMPA,FL,33629
11626 TIMBER RIDGE DR,TAMPA,FL,33625
15611 WALDEN AVE,TAMPA,FL,33618
1005 LAKE COOPER DR,LUTZ,FL,33548
405 E HUNTER RD,PLANT CITY,FL,33565
412 BRANDYWINE DR,VALRICO,FL,33594
8504 N BROOKS ST,TAMPA,FL,33604
3301 GLORIA AVE,PLANT CITY,FL,33563
3301 GLORIA AVE,PLANT CITY,FL,33563
3301 GLORIA AVE,PLANT CITY,FL,33563
3408 LINDELL AVE,TAMPA,FL,33610
833 SEDDON COVE WAY,TAMPA,FL,33602
4301 CLAVERTON CT,TAMPA,FL,33624
5528 FULMAR DR,TAMPA,FL,33625
1314 PEACHFIELD DR,VALRICO,FL,33596
1314 PEACHFIELD DR,VALRICO,FL,33596
8709 THORNWOOD LN,TAMPA,FL,33615
13235 DUPREE HILLS PL,RIVERVIEW,FL,33579
13235 DUPREE HILLS PL,RIVERVIEW,FL,33579
833 SEDDON COVE WAY,TAMPA,FL,33602
4907 W DRYAD ST 1/2,TAMPA,FL,33629
2905 W DOUGLAS ST,TAMPA,FL,33607
4815 TROYDALE RD,TAMPA,FL,33615
10206 HOLSTEIN EDGE PL,RIVERVIEW,FL,33569
10819 E DR MARTIN LUTHER KING JR BLVD,TAMPA,FL,33610
14117 VILLAGE TERRACE DR,TAMPA,FL,33624
12407 NOREAST LAKE DR,TAMPA,FL,33612
9325 RIVER ROCK LN,RIVERVIEW,FL,33578
2724 CONCH HOLLOW DR,BRANDON,FL,33511
5346 WOLF CREEK DR,APOLLO BEACH,FL,33572
12189 COLLINS RANCH RD,THONOTOSASSA,FL,33592-
6513 N HIMES AVE,TAMPA,FL,33614
4207 S DALE MABRY HWY 2304,TAMPA,FL,33611
815 W 113TH AVE,TAMPA,FL,33612
10019 N HYALEAH RD,TAMPA,FL,33617
3710 PETTIE RD,DOVER,FL,33527
1109 HUMBLE HAVEN ST,RUSKIN,FL,33570
3710 PETTIE RD,DOVER,FL,33527
4410 DOLPHIN DR,TAMPA,FL,33617
11624 GROVEWOOD AVE,THONOTOSASSA,FL,33592
749 TREMONT GREENS LN,SUN CITY CENTER,FL,33573
12403 KIWI AVE,TAMPA,FL,33625
2101 CANDIS RD,PLANT CITY,FL,33565
8419 FLAGSTONE DR,TAMPA,FL,33615
9325 RIVER ROCK LN,RIVERVIEW,FL,33578
3710 PETTIE RD,DOVER,FL,33527
3710 PETTIE RD,DOVER,FL,33527
12403 KIWI AVE,TAMPA,FL,33625
8419 FLAGSTONE DR,TAMPA,FL,33615
6934 JAMESTOWN MANOR DR,RIVERVIEW,FL,33578
5908 S 81ST ST,TAMPA,FL,33619
3701 W KENSINGTON AVE,TAMPA,FL,33629
6934 JAMESTOWN MANOR DR,RIVERVIEW,FL,33578
5908 S 81ST ST,TAMPA,FL,33619
12231 GARDEN LAKE CIR,ODESSA,FL,33556
317 DELWOOD BRECK ST,RUSKIN,FL,33570
2217 RICHWOOD PIKE DR,RUSKIN,FL,33570
6014 W FERN ST,TAMPA,FL,33634
11624 GROVEWOOD AVE,THONOTOSASSA,FL,33592
2202 LAUREN CIR,BRANDON,FL,33510
507 VILLA TREVISO CT,APOLLO BEACH,FL,33572
10130 LAKE OAK CIR,TAMPA,FL,33624
1327 W NORTH B ST,TAMPA,FL,33606
1502 E ALSOBROOK ST,PLANT CITY,FL,33563
1327 W NORTH B ST,TAMPA,FL,33606
1010 W LA SALLE ST,TAMPA,FL,33607
3701 W KENSINGTON AVE,TAMPA,FL,33629
12231 GARDEN LAKE CIR,ODESSA,FL,33556
507 VILLA TREVISO CT,APOLLO BEACH,FL,33572
1327 W NORTH B ST,TAMPA,FL,33606
1502 E ALSOBROOK ST,PLANT CITY,FL,33563
1327 W NORTH B ST,TAMPA,FL,33606
1010 W LA SALLE ST,TAMPA,FL,33607
224 S TAMPANIA AVE,TAMPA,FL,33609
711 HOLLY TER,BRANDON,FL,33511
7336 PARKSHORE DR,APOLLO BEACH,FL,33572
6405 WILLOW BEND PL,TAMPA,FL,33634
3515 E COMANCHE,TAMPA,FL,33610
9010 SIENNA MOSS LN,RIVERVIEW,FL,33578
9316 N TAMPA ST,TAMPA,FL,33612
8806 N MULBERRY ST,TAMPA,FL,33604
3904 W WYOMING AVE,TAMPA,FL,33616
2611 E CLARK ST,TAMPA,FL,33605
1101 W COUNTY LINE RD,ZEPHYRHILLS,FL,33540
10311 ROSEMOUNT DR,TAMPA,FL,33624
911 E HUNTER RD,PLANT CITY,FL,33565
2002 N GRADY AVE,TAMPA,FL,33607
12501 LAKE HILLS DR,RIVERVIEW,FL,33569
12945 EARLY RUN LN,RIVERVIEW,FL,33578
4851 W GANDY BLVD B9L40,TAMPA,FL,33611
918 BUNKER VIEW DR,APOLLO BEACH,FL,33572
19826 MORDEN BLUSH DR,LUTZ,FL,33558
16740 KINGMAN REEF ST,WIMAUMA,FL,33598
424 GARLAND AVE,SEFFNER,FL,33584
711 HOLLY TER,BRANDON,FL,33511
7336 PARKSHORE DR,APOLLO BEACH,FL,33572
8518 WHITE POPLAR DR,RIVERVIEW,FL,33578
6405 WILLOW BEND PL,TAMPA,FL,33634
3515 E COMANCHE,TAMPA,FL,33610
9010 SIENNA MOSS LN,RIVERVIEW,FL,33578
9316 N TAMPA ST,TAMPA,FL,33612
8806 N MULBERRY ST,TAMPA,FL,33604
3904 W WYOMING AVE,TAMPA,FL,33616
2611 E CLARK ST,TAMPA,FL,33605
1101 W COUNTY LINE RD,ZEPHYRHILLS,FL,33540
10311 ROSEMOUNT DR,TAMPA,FL,33624
911 E HUNTER RD,PLANT CITY,FL,33565
224 S TAMPANIA AVE,TAMPA,FL,33609
2002 N GRADY AVE,TAMPA,FL,33607
16740 KINGMAN REEF ST,WIMAUMA,FL,33598
4851 W GANDY BLVD B9L40,TAMPA,FL,33611
12231 GARDEN LAKE CIR,ODESSA,FL,33556
3414 ARBOR OAKS CT,TAMPA,FL,33614
2014 PLEASANT ACRE DR,PLANT CITY,FL,33566
12902 N DALE MABRY HWY,TAMPA,FL,33618
803 S WOODLYN DR,TAMPA,FL,33609
803 S WOODLYN DR,TAMPA,FL,33609
803 S WOODLYN DR,TAMPA,FL,33609
803 S WOODLYN DR,TAMPA,FL,33609
5908 S 81ST ST,TAMPA,FL,33619
6010 ALICE AVE,GIBSONTON,FL,33534
12723 COUNTRY BROOK LN,TAMPA,FL,33625
6010 ALICE AVE,GIBSONTON,FL,33534
1003 CAMEO CREST LN,VALRICO,FL,33596
1803 DANA CT,BRANDON,FL,33510
12723 COUNTRY BROOK LN,TAMPA,FL,33625
10120 ELIZABETH PL,TAMPA,FL,33619
2014 PLEASANT ACRE DR,PLANT CITY,FL,33566
12231 GARDEN LAKE CIR,ODESSA,FL,33556
803 S WOODLYN DR,TAMPA,FL,33609
803 S WOODLYN DR,TAMPA,FL,33609
803 S WOODLYN DR,TAMPA,FL,33609
1003 CAMEO CREST LN,VALRICO,FL,33596
5908 S 81ST ST,TAMPA,FL,33619
6010 ALICE AVE,GIBSONTON,FL,33534
6010 ALICE AVE,GIBSONTON,FL,33534
3414 ARBOR OAKS CT,TAMPA,FL,33614
2892 STAR ANISE LN,WIMAUMA,FL,33598
10549 LAKE MONTAUK DR,RIVERVIEW,FL,33578
13691 ORANGE SUNSET DR 102,TAMPA,FL,33618
12432 PHILLIPS LN,GIBSONTON,FL,33534
10549 LAKE MONTAUK DR,RIVERVIEW,FL,33578
13691 ORANGE SUNSET DR 102,TAMPA,FL,33618
3627 ANDERSON AVE,TAMPA,FL,33611
7507 NEW YORK DR,TAMPA,FL,33619
6421 CYPRESSDALE DR 101,RIVERVIEW,FL,33578
913 RAWLINGS CIR,LUTZ,FL,33549
1002 NORMAN CT,BRANDON,FL,33510
12432 PHILLIPS LN,GIBSONTON,FL,33534
3627 ANDERSON AVE,TAMPA,FL,33611
7507 NEW YORK DR,TAMPA,FL,33619
6421 CYPRESSDALE DR 101,RIVERVIEW,FL,33578
913 RAWLINGS CIR,LUTZ,FL,33549
1408 BLOOMINGDALE TRAILS BLVD,BRANDON,FL,33511
3512 S 75TH ST,TAMPA,FL,33619
4107 DELLBROOK DR,TAMPA,FL,33624
7831 N 50TH ST,TAMPA,FL,33617
8212 OLIVEWOOD PL,TAMPA,FL,33615
706 E MORGAN ST,BRANDON,FL,33510
13805 N OLA,TAMPA,FL,33613
12407 NOREAST LAKE DR,TAMPA,FL,33612
1210 LAKESIDE DR,BRANDON,FL,33510
205 E TENNESSEE AVE,SEFFNER,FL,33584
11101 WINDSOR PLACE CIR,TAMPA,FL,33626
1605 E MARKS DR,TAMPA,FL,33604
3403 BONSILVA ST,PLANT CITY,FL,33566
3403 BONSILVA ST,PLANT CITY,FL,33566
8641 FANCY FINCH DR 104,TAMPA,FL,33614
3707 COPPERTREE CIR,BRANDON,FL,33511
8710 SANDY PLAINS DR,RIVERVIEW,FL,33578
401 RIVER BED CT,WIMAUMA,FL,33598
4107 DELLBROOK DR,TAMPA,FL,33624
2137 W CHESTNUT ST,TAMPA,FL,33607
7831 N 50TH ST,TAMPA,FL,33617
8212 OLIVEWOOD PL,TAMPA,FL,33615
706 E MORGAN ST,BRANDON,FL,33510
3512 S 75TH ST,TAMPA,FL,33619
12407 NOREAST LAKE DR,TAMPA,FL,33612
1408 BLOOMINGDALE TRAILS BLVD,BRANDON,FL,33511
1210 LAKESIDE DR,BRANDON,FL,33510
205 E TENNESSEE AVE,SEFFNER,FL,33584
11101 WINDSOR PLACE CIR,TAMPA,FL,33626
1605 E MARKS DR,TAMPA,FL,33604
3403 BONSILVA ST,PLANT CITY,FL,33566
3403 BONSILVA ST,PLANT CITY,FL,33566
4208 E COVINA CIR,TAMPA,FL,33617
11774 MANGO CROSS CT,SEFFNER,FL,33584
7206 MERLOT SIENNA AVE,GIBSONTON,FL,33534
10744 STANDING STONE DR,WIMAUMA,FL,33579
3703 N 51ST ST,TAMPA,FL,33619
3709 GREENERY CT 209,TAMPA,FL,33618
7821 N CHURCH AVE,TAMPA,FL,33614
12407 NOREAST LAKE DR,TAMPA,FL,33612
3703 N 51ST ST,TAMPA,FL,33619
3709 GREENERY CT 209,TAMPA,FL,33618
611 ROYAL EMPRESS DR,RUSKIN,FL,33570
212 MORNINGSIDE DR,VALRICO,FL,33594
4418 N TAMPANIA AVE,TAMPA,FL,33614
10392 BLUE PLUME CT,RIVERVIEW,FL,33578
10549 LAKE MONTAUK DR,RIVERVIEW,FL,33578
1732 MIRA LAGO CIR,RUSKIN,FL,33570
8412 N OTIS AVE,TAMPA,FL,33604
18116 SUGAR BROOKE DR,TAMPA,FL,33647
5104 GAINSVILLE DR,TEMPLE TERRACE,FL,33617
3710 PETTIE RD,DOVER,FL,33527
8314 N FREMONT AVE A,TAMPA,FL,33604
1816 E 19TH AVE,TAMPA,FL,33605
11709 N ROME AVE,TAMPA,FL,33612
8636 TAHOE CT 12,TAMPA,FL,33614
141 CHIPPEWA AVE,TAMPA,FL,33606
15233 RAILS RD,ODESSA,FL,33556
873 TENNYSON MILL CIR,TAMPA,FL,33619
302 CASCADE BEND DR,RUSKIN,FL,33570
3202 W WATERS AVE,TAMPA,FL,33614
6501 LAMP POST DR,TAMPA,FL,33625
12324 FOXMOOR PEAK DR,RIVERVIEW,FL,33579
9735 LITHIA PINECREST RD,LITHIA,FL,33547
8201 W WATERS AVE,TAMPA,FL,33615
1004 CHELSEA GREENS CT,SUN CITY CENTER,FL,33573
12913 RED CARDINAL DR,ODESSA,FL,33556
3329 LAUREL DALE DR,TAMPA,FL,33618
8201 W WATERS AVE,TAMPA,FL,33615
308 HAMILLER AVE,TAMPA,FL,33612
15517 MORNING DR,LUTZ,FL,33559
14611 SCOTTBURGH GLEN DR,WIMAUMA,FL,33598
11806 CLIFFWOOD CT,RIVERVIEW,FL,33569
1539 CHEVY CHASE DR,SUN CITY CENTER,FL,33573
7115 S MANHATTAN AVE U,TAMPA,FL,33616
2614 YUKON CLIFF DR,RUSKIN,FL,33570
1811 BEDFORD LN 153,SUN CITY CENTER,FL,33573
7604 LIMEBURY CT,TAMPA,FL,33625
5409 WINHAWK WAY,LUTZ,FL,33558
3817 N 58TH ST,TAMPA,FL,33619
12955 UTOPIA GARDENS WAY,RIVERVIEW,FL,33579
19929 WYNDMILL CIR,ODESSA,FL,33556
4909 SAVARESE CIR,TAMPA,FL,33634
5503 EDINA ST,WIMAUMA,FL,33598
2318 E 111TH AVE,TAMPA,FL,33612
4523 HILL DR,VALRICO,FL,33596
7120 OZELLO TRAIL AVE,SUN CITY CENTER,FL,33573
7379 MONTEREY BLVD,TAMPA,FL,33625
7608 TANGLE BROOK BLVD,GIBSONTON,FL,33534
12936 COUNTRY VIEW RD,DOVER,FL,33527
201 KINGS BLVD 19,SUN CITY CENTER,FL,33573
4929 HALIFAX DR,TAMPA,FL,33615
10802 CRUSHED GRAPE DR,RIVERVIEW,FL,33578-
9505 AMBERDALE CT 202,RIVERVIEW,FL,33578
2602 S TORONTO AVE,TAMPA,FL,33629
4533 LIMERICK DR,TAMPA,FL,33610
4307 GRAINARY AVE,TAMPA,FL,33624
12181 W HILLSBOROUGH AVE,TAMPA,FL,33635
1817 TARAH TRACE DR,BRANDON,FL,33510
11650 COUNTRYWAY BLVD,TAMPA,FL,33626
7506 N ARMENIA AVE,TAMPA,FL,33604
7379 MONTEREY BLVD,TAMPA,FL,33625
2607 E 111TH AVE,TAMPA,FL,33612
4602 E TEMPLE HEIGHTS RD,TAMPA,FL,33617
8781 ORANGE LEAF CT,TEMPLE TERRACE,FL,33637
3209 E FERN ST,TAMPA,FL,33610
2016 E CLINTON ST,TAMPA,FL,33610
14322 AVON FARMS DR,TAMPA,FL,33618
5106 TWIN PINE DR,PLANT CITY,FL,33566
9415 N EDISON AVE,TAMPA,FL,33612
4928 OAKSHIRE DR,TAMPA,FL,33625
14433 BARLEY FIELD DR,WIMAUMA,FL,33598
804 W 114TH AVE,TAMPA,FL,33612
11650 COUNTRYWAY BLVD,TAMPA,FL,33626
8200 N SAINT PETER AVE,TAMPA,FL,33614
8517 BRIAR GROVE CIR,TAMPA,FL,33615
2435 E DEL WEBB BLVD,SUN CITY CENTER,FL,33573
11467 CAMBRAY CREEK LOOP,RIVERVIEW,FL,33579
12011 N OREGON AVE,TAMPA,FL,33612
14005 CITRUS CREST CIR,TAMPA,FL,33625
5106 TWIN PINE DR,PLANT CITY,FL,33566
7211 WAYCROSS AVE,TAMPA,FL,33619
4925 MURRAY HILL DR,TAMPA,FL,33615
804 W 114TH AVE,TAMPA,FL,33612
5404 RAINBOW DR,TEMPLE TERRACE,FL,33617
16506 BLENHEIM DR,LUTZ,FL,33549
8320 ENDIVE AVE,TAMPA,FL,33619
14460 ENGLISH LAVENDER DR,WIMAUMA,FL,33598-
3947 COUNTY LINE RD,LUTZ,FL,33559
4716 LIMERICK DR,TAMPA,FL,33610
4209 WINDING MOSS TRL 203,TAMPA,FL,33613
10205 STEDFAST CT,RUSKIN,FL,33573
1117 SEMINOLE SKY DR,RUSKIN,FL,33570
4812 ROCK FISH CT,TAMPA,FL,33617
6508 GRAZING LN,ODESSA,FL,33556
3321 MAPLE MEX ST,WIMAUMA,FL,33598
10037 CELTIC ASH DR,RUSKIN,FL,33573
9917 ETHEL ST,GIBSONTON,FL,33534
8849 RICHMOND ST,GIBSONTON,FL,33534
504 GREENBAY AVE,BRANDON,FL,33510
5807 CREST HILL DR,TAMPA,FL,33615
14123 COVERT GREEN PL,RIVERVIEW,FL,33579
1514 SEAGULL BAY WAY,BRANDON,FL,33511
9701 CABERNET AVE,SEFFNER,FL,33584
13626 GREENFIELD DR 302,TAMPA,FL,33618
7503 PRESLEY PL 81,TAMPA,FL,33617
6020 MURRAY HILL DR,TAMPA,FL,33615
4218 SUMMERDALE DR,TAMPA,FL,33624
7016 N CAMERON AVE,TAMPA,FL,33614
6378 CAMINO DR,APOLLO BEACH,FL,33572
8702 IRONWOOD AVE,TAMPA,FL,33619
4714 DEERWALK AVE,TAMPA,FL,33624
6901 VALRIE LN,RIVERVIEW,FL,33569
2040 KINGS PALACE DR,RIVERVIEW,FL,33578
12532 SHIREBROOK CT,TAMPA,FL,33626
8834 W ROBSON ST,TAMPA,FL,33615
6106 LAWNCREST PL,DOVER,FL,33527
2457 E DEL WEBB BLVD,SUN CITY CENTER,FL,33573
11826 LANCASHIRE DR,TAMPA,FL,33626
12725 MANGROVE FOREST DR,RIVERVIEW,FL,33579
12310 BAY ESTUARY BND,RIVERVIEW,FL,33579
11027 SAGE CANYON DR,RIVERVIEW,FL,33578
2401 S RAMONA CIR,TAMPA,FL,33612
145 PICARDY VILLA CIR 102,BRANDON,FL,33510
5720 RIDGESTONE DR,TAMPA,FL,33625
1839 COYOTE PL,BRANDON,FL,33511
11709 N ROME AVE,TAMPA,FL,33612
1820 STAYSAIL DR,VALRICO,FL,33594
10413 HAMNER AVE,TAMPA,FL,33612
504 GOLDEN RAINTREE PL,BRANDON,FL,33510
6527 S MACDILL AVE,TAMPA,FL,33611
6116 BECKLIN PL,RIVERVIEW,FL,33578
1400 PLANTATION BLVD,PLANT CITY,FL,33566
1119 EMERALD DUNES DR,SUN CITY CENTER,FL,33573
4721 OHIO AVE,TAMPA,FL,33616
2920 JUNIPER LAKE PL,PLANT CITY,FL,33566
8476 FANTASIA PARK WAY,RIVERVIEW,FL,33578
355 KENSINGTON LAKE CIR,BRANDON,FL,33511
3106 RIPPLEWOOD DR,SEFFNER,FL,33584
7706 BINGHAM CT,Tampa,FL,33625-
8102 N LYNN AVE,TAMPA,FL,33604
9122 SANDCROFT CT,TAMPA,FL,33615
10205 COURTNEY PALMS BLVD 103,TAMPA,FL,33619
8512 FAWN CREEK DR,TAMPA,FL,33626
2418 E 99TH AVE,TAMPA,FL,33612
5351 BRIDGE ST 39,TAMPA,FL,33611
1721 AVANT ST,VALRICO,FL,33594
5430 COMPANION LN,TAMPA,FL,33619
3025 GROVEWOOD CT 5,Tampa,FL,33629-
5707 BRATTON DR 1 7,TEMPLE TERRACE,FL,33617
4012 CYPRESS WILLOW CT,TAMPA,FL,33614
11503 BOKI LN,THONOTOSASSA,FL,33592
10206 BRIGHT CRYSTAL AVE,RIVERVIEW,FL,33578
201 LENTZ RD,BRANDON,FL,33510
2001 E 2ND AVE 33,TAMPA,FL,33605
525 JULIE LN,BRANDON,FL,33511
11622 ASHTON FIELD AVE,RIVERVIEW,FL,33579
129 CONNIE AVE,TAMPA,FL,33613
16715 MAGNOLIA RESERVE PL,WIMAUMA,FL,33598
1810 E PALM AVE 5214,TAMPA,FL,33605
8609 MALLARD RESERVE DR 205,TAMPA,FL,33614
10424 ALAFIA ST,GIBSONTON,FL,33534
1719 W COMANCHE AVE,TAMPA,FL,33603
1008 EDISON PARK CT,TAMPA,FL,33606
3612 N ARLINGTON AVE,TAMPA,FL,33603
1239 EDGERTON DR,VALRICO,FL,33594
3126 EMERSON PL,PLANT CITY,FL,33566
1819 HARMONY BAYOU CT,RUSKIN,FL,33570
5035 W SAN MIGUEL ST,TAMPA,FL,33629
13009 MEADOW POND PL,RIVERVIEW,FL,33579
4729 WINDFLOWER CIR,TAMPA,FL,33624
6328 GANT RD,TAMPA,FL,33625
10015 N LANTANA AVE,TAMPA,FL,33612
3913 PINE LIMB CT,TAMPA,FL,33614
6704 PEMBERTON VIEW DR,SEFFNER,FL,33584
6606 HOLLY HEATH DR,RIVERVIEW,FL,33578
11650 COUNTRYWAY BLVD,TAMPA,FL,33626
17901 SPARROWS NEST DR,LUTZ,FL,33558
10633 PARK MEADOWBROOKE DR,RIVERVIEW,FL,33578
17901 SPARROWS NEST DR,LUTZ,FL,33558
7605 SOUTHSIDE LN,TAMPA,FL,33619
2307 POTOMAC MARK PL,RUSKIN,FL,33570
8607 CHINABERRY DR,TAMPA,FL,33637
8510 SUNBEAM LN,TAMPA,FL,33615
4236 LA DEGA CT,TAMPA,FL,33611
8210 DEVANE DR,TAMPA,FL,33619
9031 WESTBAY BLVD,TAMPA,FL,33615
14922 REDCLIFF DR,TAMPA,FL,33625
800 S DAKOTA AVE APT 230,TAMPA,FL,33606
703 E RICHMERE ST,TAMPA,FL,33612
104 GLEN RIDGE AVE,TEMPLE TERRACE,FL,33617
7724 BRETTONWOOD DR,TAMPA,FL,33615
3154 BAYSHORE OAKS DR,TAMPA,FL,33611
4910 E SERENA DR,TAMPA,FL,33617
419 E HUGH ST,TAMPA,FL,33603
5610 LARIMER DR,TAMPA,FL,33615
707 CALIENTE DR,BRANDON,FL,33511
4217 SALTWATER BLVD,TAMPA,FL,33615
14511 MIRABELLE VISTA CIR,TAMPA,FL,33626
6421 MAYRA SHORES LN,APOLLO BEACH,FL,33572
4406 TEVALO DR,VALRICO,FL,33596
3422 JEAN CIR,TAMPA,FL,33629
5719 FISHHAWK RIDGE DR,LITHIA,FL,33547
1607 GRAND HERITAGE BLVD,VALRICO,FL,33594
7117 ROBINDALE RD,TAMPA,FL,33619
7513 CAROLTON CIR,TAMPA,FL,33619
6005 TOWN N COUNTRY BLVD,TAMPA,FL,33615
8823 VAN FLEET RD,RIVERVIEW,FL,33578
7216 S MASCOTTE ST,TAMPA,FL,33616
14589 CLINTON ST,DOVER,FL,33527
85 DAVIS BLVD 6,Tampa,FL,33606-
10424 HERON LAKE DR,RIVERVIEW,FL,33578
1803 TAWNEE PL,BRANDON,FL,33510
20539 GRAND VISTA LN,TAMPA,FL,33647
4112 WOODLARK DR,TAMPA,FL,33624
6201 S JONES RD,TAMPA,FL,33611
17904 HAVENVIEW LN,LUTZ,FL,33558
9970 STOCKBRIDGE DR,TAMPA,FL,33626
9970 STOCKBRIDGE DR,TAMPA,FL,33626
1004 W RIVER HEIGHTS AVE,TAMPA,FL,33603
10354 CARROLLWOOD LN 191,TAMPA,FL,33618
9970 STOCKBRIDGE DR,TAMPA,FL,33626
9970 STOCKBRIDGE DR,TAMPA,FL,33626
9970 STOCKBRIDGE DR,TAMPA,FL,33626
9970 STOCKBRIDGE DR,TAMPA,FL,33626
9970 STOCKBRIDGE DR,TAMPA,FL,33626
6709 DUNES LN,TEMPLE TERRACE,FL,33617
13308 LARAWAY DR,RIVERVIEW,FL,33579
2023 EL RANCHO DR,SUN CITY CENTER,FL,33573
1313 E 18TH AVE,TAMPA,FL,33605
18803 TRACER DR,LUTZ,FL,33549
18803 TRACER DR,LUTZ,FL,33549
18803 TRACER DR,LUTZ,FL,33549
18803 TRACER DR,LUTZ,FL,33549
18803 TRACER DR,LUTZ,FL,33549
1901 CANTERBURY LN 19,SUN CITY CENTER,FL,33573
3202 W WATERS AVE,TAMPA,FL,33614
605 CASABELLA CIR,TAMPA,FL,33609
9970 STOCKBRIDGE DR,TAMPA,FL,33626
701 ROOKS RD,SEFFNER,FL,33584
9970 STOCKBRIDGE DR,TAMPA,FL,33626
10308 N 53RD ST,TEMPLE TERRACE,FL,33617
7703 W HANNA AVE,TAMPA,FL,33615
7703 W HANNA AVE,TAMPA,FL,33615
7703 W HANNA AVE,TAMPA,FL,33615
7703 W HANNA AVE,TAMPA,FL,33615
7703 W HANNA AVE,TAMPA,FL,33615
7703 W HANNA AVE,TAMPA,FL,33615
2610 SHILO CT,VALRICO,FL,33596
9640 NORCHESTER CIR,TAMPA,FL,33647
3713 E GENESEE ST,TAMPA,FL,33610
904 TANGELO PL,BRANDON,FL,33510
904 TANGELO PL,BRANDON,FL,33510
3519 BERGER RD,LUTZ,FL,33548
10001 OSLIN ST,TAMPA,FL,33615
4743 S DAWNMEADOW CT,PLANT CITY,FL,33566
4928 S 84TH ST,TAMPA,FL,33619
1202 W CHARTER ST,TAMPA,FL,33602
409 FOXWOOD DR,BRANDON,FL,33510
2223 COLVILLE CHASE DR,RUSKIN,FL,33570
703 E RICHMERE ST,TAMPA,FL,33612
6529 SOLITAIRE PALM WAY,APOLLO BEACH,FL,33572
8721 ELMDALE PL,TAMPA,FL,33637
1205 E POWHATAN AVE,TAMPA,FL,33604
2923 W SPRUCE ST,TAMPA,FL,33607
3214 PINE CLUB DR,PLANT CITY,FL,33566
8318 ENDIVE AVE,TAMPA,FL,33619
9970 STOCKBRIDGE DR,TAMPA,FL,33626
9970 STOCKBRIDGE DR,TAMPA,FL,33626
4851 W GANDY BLVD B2L14,TAMPA,FL,33611
9970 STOCKBRIDGE DR,TAMPA,FL,33626
10424 HERON LAKE DR,RIVERVIEW,FL,33578
10424 HERON LAKE DR,RIVERVIEW,FL,33578
10424 HERON LAKE DR,RIVERVIEW,FL,33578
10732 DRUMMOND RD,TAMPA,FL,33615
5206 W WATERS AVE,TAMPA,FL,33634
1209 MERCER LOOP,PLANT CITY,FL,33567
703 E RICHMERE ST,TAMPA,FL,33612
6846 N DALE MABRY HWY,TAMPA,FL,33614
6846 N DALE MABRY HWY,TAMPA,FL,33614
9481 HIGHLAND OAK DR 903,TAMPA,FL,33647
703 E RICHMERE ST,TAMPA,FL,33612
4521 W HUMPHREY ST,TAMPA,FL,33614
7706 N PACKWOOD AVE,TAMPA,FL,33604
4013 DREAM OAK PL 101,TAMPA,FL,33613
4013 DREAM OAK PL 101,TAMPA,FL,33613
4711 SOMERSET HILL LN,RIVERVIEW,FL,33578
4716 SOMERSET HILL LN,RIVERVIEW,FL,33578
14831 OAK VINE DR,LUTZ,FL,33559
4717 SOMERSET HILL LN,RIVERVIEW,FL,33578
4724 SOMERSET HILL LN,RIVERVIEW,FL,33578
4732 SOMERSET HILL LN,RIVERVIEW,FL,33578
1318 VILLAGE CT,BRANDON,FL,33511
4733 SOMERSET HILL LN,RIVERVIEW,FL,33578
4740 SOMERSET HILL LN,RIVERVIEW,FL,33578
9862 HOUND CHASE DR,GIBSONTON,FL,33534
4742 SOMERSET HILL LN,RIVERVIEW,FL,33578
4743 SOMERSET HILL LN,RIVERVIEW,FL,33578
5305 SAN SEBASTIAN CT,TAMPA,FL,33609
4804 N 10TH ST,TAMPA,FL,33603
5116 CARROLLWOOD MEADOWS DR,TAMPA,FL,33625
9333 AMERICAN HICKORY LN,RIVERVIEW,FL,33578
9333 AMERICAN HICKORY LN,RIVERVIEW,FL,33578
1407 E HOLLAND AVE,TAMPA,FL,33612
1023 LEGENDS PASS DR,VALRICO,FL,33594
4928 S 84TH ST,TAMPA,FL,33619
10404 ROSEMOUNT DR,TAMPA,FL,33624
10404 ROSEMOUNT DR,TAMPA,FL,33624
4002 W OBISPO ST,TAMPA,FL,33629
1112 ESTATEWOOD DR,BRANDON,FL,33510
1417 CLARION DR,VALRICO,FL,33596
3403 W CASS ST,,FL,
5221 S PURITAN AVE,TAMPA,FL,33611
4928 S 84TH ST,TAMPA,FL,33619
2607 E 26TH AVE,TAMPA,FL,33605
10838 DRAGONWOOD DR,TAMPA,FL,33647
2403 E 148TH AVE,LUTZ,FL,33549
703 E RICHMERE ST,TAMPA,FL,33612
819 W 131ST AVE,TAMPA,FL,33612
704 TARAWOOD LN,VALRICO,FL,33594
704 TARAWOOD LN,VALRICO,FL,33594
510 GREENWAY DR,PLANT CITY,FL,33566
9535 CAVENDISH DR,TAMPA,FL,33626
1035 NORMANDY TRACE RD,TAMPA,FL,33602
713 E 114TH AVE,TAMPA,FL,33612
8514 N 16TH ST,TAMPA,FL,33604
4928 S 84TH ST,TAMPA,FL,33619
6042 FLORA TER,APOLLO BEACH,FL,33572
1004 PINEGROVE DR,BRANDON,FL,33511
4018 W CASS ST,TAMPA,FL,33609
15013 ROUNDUP DR,TAMPA,FL,33624
12010 DAGWOOD WAY,RIVERVIEW,FL,33579
16236 CARNOUSTIE DR,ODESSA,FL,33556
11001 RIVERVIEW DR,RIVERVIEW,FL,33578
8421 MARLANAS PL,TEMPLE TERRACE,FL,33637
1317 WAIKIKI WAY,TAMPA,FL,33619
14118 HOLLINGFARE PL,TAMPA,FL,33624
704 DEWOLF RD,BRANDON,FL,33511
19309 HIAWATHA RD,ODESSA,FL,33556
502 HOLLY LN,BRANDON,FL,33510
1203 SUNSET LN,LUTZ,FL,33549
2416 W CYPRESS ST,TAMPA,FL,33609
205 ANDOVER PL N 108,SUN CITY CENTER,FL,33573
5170 WILDWIND DR,APOLLO BEACH,FL,33572
4019 E FOWLER AVE,TAMPA,FL,33617
3124 W CHEROKEE AVE,TAMPA,FL,33611
703 STILLVIEW CIR,BRANDON,FL,33510
15215 AMBERLY DR 105,TAMPA,FL,33647
9970 STOCKBRIDGE DR,TAMPA,FL,33626
9970 STOCKBRIDGE DR,TAMPA,FL,33626
12404 EDGEKNOLL DR,RIVERVIEW,FL,33579
110 E 145TH AVE,TAMPA,FL,33613
913 W ORIENT ST,TAMPA,FL,33603
7318 FOREST MERE DR,RIVERVIEW,FL,33578
4323 BAYSIDE VILLAGE DR 329,TAMPA,FL,33615
6604 TIMBER BROOK CT,TAMPA,FL,33625
714 W WOODLAWN AVE,TAMPA,FL,33603
501 BRENTWOOD PL,BRANDON,FL,33511
2607 E 26TH AVE,TAMPA,FL,33605
11631 TANGLE STONE DR,GIBSONTON,FL,33534
13815 MOONSTONE CANYON DR,RIVERVIEW,FL,33579
144 LOOKOUT DR,APOLLO BEACH,FL,33572
1408 MAY ST,LUTZ,FL,33548
3401 W VAN BUREN DR,TAMPA,FL,33611
10828 JOHANNA AVE,RIVERVIEW,FL,33578
2338 CHESTNUT ST,TAMPA,FL,33607
2655 SUNRAY VENUS WAY,RUSKIN,FL,33570
14506 SCOTTBURGH GLEN DR,WIMAUMA,FL,33598
16508 SILVERHILL DR,TAMPA,FL,33624
3019 W SITKA ST,TAMPA,FL,33614
703 E RICHMERE ST,TAMPA,FL,33612
703 E RICHMERE ST,TAMPA,FL,33612
603 E CHELSEA ST,TAMPA,FL,33603
603 E CHELSEA ST,TAMPA,FL,33603
10223 CARAWAY SPICE AVE,RIVERVIEW,FL,33578
14113 FARMINGTON BLVD,TAMPA,FL,33625
4411 REYNOLDS RIDGE CT,PLANT CITY,FL,33563
3503 E 24TH AVE,TAMPA,FL,33605
7561 TURTLE VIEW DR,RUSKIN,FL,33573
7536 TAMARIND AVE,TAMPA,FL,33625
11920 RHODINE RD,RIVERVIEW,FL,33569
5468 FULMAR DR,TAMPA,FL,33625
14901 PELICAN POINT PL,TAMPA,FL,33625
14901 PELICAN POINT PL,TAMPA,FL,33625
14901 PELICAN POINT PL,TAMPA,FL,33625
2914 N MASSACHUSETTS AVE,TAMPA,FL,33602
14901 PELICAN POINT PL,TAMPA,FL,33625
3807 W PEARL AVE,TAMPA,FL,33611
4002 HARBOR LAKE DR,LUTZ,FL,33558
802 E LAMBRIGHT ST,TAMPA,FL,33604
7201 BELLINGHAM OAKS BLVD,TAMPA,FL,33634
4331 HARBOR HOUSE DR,TAMPA,FL,33615
